.word 1,Offset
Sigurd,aCharacterData.SigurdCharacterDataEntry - aCharacterDataOffsets
Naoise,aCharacterData.NaoiseCharacterDataEntry - aCharacterDataOffsets
Alec,aCharacterData.AlecCharacterDataEntry - aCharacterDataOffsets
Arden,aCharacterData.ArdenCharacterDataEntry - aCharacterDataOffsets
Finn,aCharacterData.FinnCharacterDataEntry - aCharacterDataOffsets
Quan,aCharacterData.QuanCharacterDataEntry - aCharacterDataOffsets
Midir,aCharacterData.MidirCharacterDataEntry - aCharacterDataOffsets
Lewyn,aCharacterData.LewynCharacterDataEntry - aCharacterDataOffsets
Chulainn,aCharacterData.ChulainnCharacterDataEntry - aCharacterDataOffsets
Azelle,aCharacterData.AzelleCharacterDataEntry - aCharacterDataOffsets
Jamke,aCharacterData.JamkeCharacterDataEntry - aCharacterDataOffsets
Claud,aCharacterData.ClaudCharacterDataEntry - aCharacterDataOffsets
Beowulf,aCharacterData.BeowulfCharacterDataEntry - aCharacterDataOffsets
Lex,aCharacterData.LexCharacterDataEntry - aCharacterDataOffsets
Dew,aCharacterData.DewCharacterDataEntry - aCharacterDataOffsets
Deirdre,aCharacterData.DeirdreCharacterDataEntry - aCharacterDataOffsets
Ethlyn,aCharacterData.EthlynCharacterDataEntry - aCharacterDataOffsets
Lachesis,aCharacterData.LachesisCharacterDataEntry - aCharacterDataOffsets
Ayra,aCharacterData.AyraCharacterDataEntry - aCharacterDataOffsets
Erinys,aCharacterData.ErinysCharacterDataEntry - aCharacterDataOffsets
Tailtiu,aCharacterData.TailtiuCharacterDataEntry - aCharacterDataOffsets
Silvia,aCharacterData.SilviaCharacterDataEntry - aCharacterDataOffsets
Edain,aCharacterData.EdainCharacterDataEntry - aCharacterDataOffsets
Brigid,aCharacterData.BrigidCharacterDataEntry - aCharacterDataOffsets
Seliph,aCharacterData.SeliphCharacterDataEntry - aCharacterDataOffsets
Shannan,aCharacterData.ShannanCharacterDataEntry - aCharacterDataOffsets
Dalvin,aCharacterData.DalvinCharacterDataEntry - aCharacterDataOffsets
Asaello,aCharacterData.AsaelloCharacterDataEntry - aCharacterDataOffsets
Leif,aCharacterData.LeifCharacterDataEntry - aCharacterDataOffsets
Iuchar,aCharacterData.IucharCharacterDataEntry - aCharacterDataOffsets
Charlot,aCharacterData.CharlotCharacterDataEntry - aCharacterDataOffsets
Hawk,aCharacterData.HawkCharacterDataEntry - aCharacterDataOffsets
Tristan,aCharacterData.TristanCharacterDataEntry - aCharacterDataOffsets
AdultFinn,aCharacterData.AdultFinnCharacterDataEntry - aCharacterDataOffsets
Deimne,aCharacterData.DeimneCharacterDataEntry - aCharacterDataOffsets
Hannibal,aCharacterData.HannibalCharacterDataEntry - aCharacterDataOffsets
Ares,aCharacterData.AresCharacterDataEntry - aCharacterDataOffsets
Amid,aCharacterData.AmidCharacterDataEntry - aCharacterDataOffsets
Oifey,aCharacterData.OifeyCharacterDataEntry - aCharacterDataOffsets
Daisy,aCharacterData.DaisyCharacterDataEntry - aCharacterDataOffsets
Creidne,aCharacterData.CreidneCharacterDataEntry - aCharacterDataOffsets
Muirne,aCharacterData.MuirneCharacterDataEntry - aCharacterDataOffsets
Julia,aCharacterData.JuliaCharacterDataEntry - aCharacterDataOffsets
Altena,aCharacterData.AltenaCharacterDataEntry - aCharacterDataOffsets
Hermina,aCharacterData.HerminaCharacterDataEntry - aCharacterDataOffsets
Linda,aCharacterData.LindaCharacterDataEntry - aCharacterDataOffsets
Laylea,aCharacterData.LayleaCharacterDataEntry - aCharacterDataOffsets
Jeanne,aCharacterData.JeanneCharacterDataEntry - aCharacterDataOffsets
Iucharba,aCharacterData.IucharbaCharacterDataEntry - aCharacterDataOffsets
Scathach,aCharacterData.ScathachCharacterDataEntry - aCharacterDataOffsets
Febail,aCharacterData.FebailCharacterDataEntry - aCharacterDataOffsets
Coirpre,aCharacterData.CoirpreCharacterDataEntry - aCharacterDataOffsets
Ced,aCharacterData.CedCharacterDataEntry - aCharacterDataOffsets
Diarmuid,aCharacterData.DiarmuidCharacterDataEntry - aCharacterDataOffsets
Lester,aCharacterData.LesterCharacterDataEntry - aCharacterDataOffsets
Arthur,aCharacterData.ArthurCharacterDataEntry - aCharacterDataOffsets
Patty,aCharacterData.PattyCharacterDataEntry - aCharacterDataOffsets
Larcei,aCharacterData.LarceiCharacterDataEntry - aCharacterDataOffsets
Lana,aCharacterData.LanaCharacterDataEntry - aCharacterDataOffsets
Fee,aCharacterData.FeeCharacterDataEntry - aCharacterDataOffsets
Tine,aCharacterData.TineCharacterDataEntry - aCharacterDataOffsets
Lene,aCharacterData.LeneCharacterDataEntry - aCharacterDataOffsets
Nanna,aCharacterData.NannaCharacterDataEntry - aCharacterDataOffsets
Gerrard,aCharacterData.GerrardCharacterDataEntry - aCharacterDataOffsets
DiMaggio,aCharacterData.DiMaggioCharacterDataEntry - aCharacterDataOffsets
EvansBarbarianHandAxe,aCharacterData.EvansBarbarianHandAxeCharacterDataEntry - aCharacterDataOffsets
EvansGuardBarbarian,aCharacterData.EvansGuardBarbarianCharacterDataEntry - aCharacterDataOffsets
EvansGuardHunter,aCharacterData.EvansGuardHunterCharacterDataEntry - aCharacterDataOffsets
EvansChargeBarbarian,aCharacterData.EvansChargeBarbarianCharacterDataEntry - aCharacterDataOffsets
EvansChargeHunter,aCharacterData.EvansChargeHunterCharacterDataEntry - aCharacterDataOffsets
EvansBrigand,aCharacterData.EvansBrigandCharacterDataEntry - aCharacterDataOffsets
Cimbaeth,aCharacterData.CimbaethCharacterDataEntry - aCharacterDataOffsets
GenoaChargeFighter,aCharacterData.GenoaChargeFighterCharacterDataEntry - aCharacterDataOffsets
GenoaHuner,aCharacterData.GenoaHunerCharacterDataEntry - aCharacterDataOffsets
GenoaBarbarian,aCharacterData.GenoaBarbarianCharacterDataEntry - aCharacterDataOffsets
GenoaGuardFighter,aCharacterData.GenoaGuardFighterCharacterDataEntry - aCharacterDataOffsets
Munnir,aCharacterData.MunnirCharacterDataEntry - aCharacterDataOffsets
Commander1,aCharacterData.Commander1CharacterDataEntry - aCharacterDataOffsets
MarphaChargeBarbarian,aCharacterData.MarphaChargeBarbarianCharacterDataEntry - aCharacterDataOffsets
MarphaHunter,aCharacterData.MarphaHunterCharacterDataEntry - aCharacterDataOffsets
MarphaGuardBarbarian,aCharacterData.MarphaGuardBarbarianCharacterDataEntry - aCharacterDataOffsets
Sandima,aCharacterData.SandimaCharacterDataEntry - aCharacterDataOffsets
VerdaneHunter,aCharacterData.VerdaneHunterCharacterDataEntry - aCharacterDataOffsets
VerdaneFighter,aCharacterData.VerdaneFighterCharacterDataEntry - aCharacterDataOffsets
Commander2,aCharacterData.Commander2CharacterDataEntry - aCharacterDataOffsets
VerdaneBarbarian,aCharacterData.VerdaneBarbarianCharacterDataEntry - aCharacterDataOffsets
BanditCh01_02,aCharacterData.BanditCh01_02CharacterDataEntry - aCharacterDataOffsets
ElliotCh01,aCharacterData.ElliotCh01CharacterDataEntry - aCharacterDataOffsets
HeirheinCh01,aCharacterData.HeirheinCh01CharacterDataEntry - aCharacterDataOffsets
EldiganCh01,aCharacterData.EldiganCh01CharacterDataEntry - aCharacterDataOffsets
CrossKnight,aCharacterData.CrossKnightCharacterDataEntry - aCharacterDataOffsets
Commander3,aCharacterData.Commander3CharacterDataEntry - aCharacterDataOffsets
Bordeaux,aCharacterData.BordeauxCharacterDataEntry - aCharacterDataOffsets
HeirheinGuardLanceArmor,aCharacterData.HeirheinGuardLanceArmorCharacterDataEntry - aCharacterDataOffsets
Philip,aCharacterData.PhilipCharacterDataEntry - aCharacterDataOffsets
HeirheinPriest,aCharacterData.HeirheinPriestCharacterDataEntry - aCharacterDataOffsets
HeirheinBallistician,aCharacterData.HeirheinBallisticianCharacterDataEntry - aCharacterDataOffsets
HeirheinUnusedFireMage,aCharacterData.HeirheinUnusedFireMageCharacterDataEntry - aCharacterDataOffsets
HeirheinAxeArmor,aCharacterData.HeirheinAxeArmorCharacterDataEntry - aCharacterDataOffsets
HeirheinChargeLanceArmor,aCharacterData.HeirheinChargeLanceArmorCharacterDataEntry - aCharacterDataOffsets
HeirheinSwordArmor,aCharacterData.HeirheinSwordArmorCharacterDataEntry - aCharacterDataOffsets
ElliotCh02,aCharacterData.ElliotCh02CharacterDataEntry - aCharacterDataOffsets
HeirheinBowKnight,aCharacterData.HeirheinBowKnightCharacterDataEntry - aCharacterDataOffsets
HeirheinAxeKnight,aCharacterData.HeirheinAxeKnightCharacterDataEntry - aCharacterDataOffsets
HeirheinLanceKnight,aCharacterData.HeirheinLanceKnightCharacterDataEntry - aCharacterDataOffsets
Commander4,aCharacterData.Commander4CharacterDataEntry - aCharacterDataOffsets
InfiniLanceKnight,aCharacterData.InfiniLanceKnightCharacterDataEntry - aCharacterDataOffsets
UnusedBandit,aCharacterData.UnusedBanditCharacterDataEntry - aCharacterDataOffsets
MackilyLanceArmor,aCharacterData.MackilyLanceArmorCharacterDataEntry - aCharacterDataOffsets
Eve,aCharacterData.EveCharacterDataEntry - aCharacterDataOffsets
MacBeth,aCharacterData.MacBethCharacterDataEntry - aCharacterDataOffsets
InfiniBowArmor,aCharacterData.InfiniBowArmorCharacterDataEntry - aCharacterDataOffsets
InfiniAxeArmor,aCharacterData.InfiniAxeArmorCharacterDataEntry - aCharacterDataOffsets
InfiniSwordArmor,aCharacterData.InfiniSwordArmorCharacterDataEntry - aCharacterDataOffsets
Waltz,aCharacterData.WaltzCharacterDataEntry - aCharacterDataOffsets
Mercenary1,aCharacterData.Mercenary1CharacterDataEntry - aCharacterDataOffsets
Clement,aCharacterData.ClementCharacterDataEntry - aCharacterDataOffsets
MackilyFireMage,aCharacterData.MackilyFireMageCharacterDataEntry - aCharacterDataOffsets
MackilyMyrmidon,aCharacterData.MackilyMyrmidonCharacterDataEntry - aCharacterDataOffsets
MackilyArcher,aCharacterData.MackilyArcherCharacterDataEntry - aCharacterDataOffsets
Commander5,aCharacterData.Commander5CharacterDataEntry - aCharacterDataOffsets
MackilyBallistician,aCharacterData.MackilyBallisticianCharacterDataEntry - aCharacterDataOffsets
ChagallCh02,aCharacterData.ChagallCh02CharacterDataEntry - aCharacterDataOffsets
AgustiBallistician,aCharacterData.AgustiBallisticianCharacterDataEntry - aCharacterDataOffsets
AgustiLanceArmor,aCharacterData.AgustiLanceArmorCharacterDataEntry - aCharacterDataOffsets
Commander6,aCharacterData.Commander6CharacterDataEntry - aCharacterDataOffsets
AgustiCavalier,aCharacterData.AgustiCavalierCharacterDataEntry - aCharacterDataOffsets
Commander7,aCharacterData.Commander7CharacterDataEntry - aCharacterDataOffsets
AgustiLanceKnight,aCharacterData.AgustiLanceKnightCharacterDataEntry - aCharacterDataOffsets
ErinysSquad,aCharacterData.ErinysSquadCharacterDataEntry - aCharacterDataOffsets
Zane,aCharacterData.ZaneCharacterDataEntry - aCharacterDataOffsets
AgustiTroubadour,aCharacterData.AgustiTroubadourCharacterDataEntry - aCharacterDataOffsets
AgustiVanguardLanceKnight,aCharacterData.AgustiVanguardLanceKnightCharacterDataEntry - aCharacterDataOffsets
AgustiAxeKnight,aCharacterData.AgustiAxeKnightCharacterDataEntry - aCharacterDataOffsets
AgustiBowKnight,aCharacterData.AgustiBowKnightCharacterDataEntry - aCharacterDataOffsets
Eva,aCharacterData.EvaCharacterDataEntry - aCharacterDataOffsets
Alva,aCharacterData.AlvaCharacterDataEntry - aCharacterDataOffsets
Jacobi,aCharacterData.JacobiCharacterDataEntry - aCharacterDataOffsets
MadinoArmy1,aCharacterData.MadinoArmy1CharacterDataEntry - aCharacterDataOffsets
MadinoArmy2,aCharacterData.MadinoArmy2CharacterDataEntry - aCharacterDataOffsets
MadinoArmy3,aCharacterData.MadinoArmy3CharacterDataEntry - aCharacterDataOffsets
MadinoArmy4,aCharacterData.MadinoArmy4CharacterDataEntry - aCharacterDataOffsets
MadinoArmy5,aCharacterData.MadinoArmy5CharacterDataEntry - aCharacterDataOffsets
Commander8,aCharacterData.Commander8CharacterDataEntry - aCharacterDataOffsets
MadinoArmy6,aCharacterData.MadinoArmy6CharacterDataEntry - aCharacterDataOffsets
Commander9,aCharacterData.Commander9CharacterDataEntry - aCharacterDataOffsets
MadinoArmy7,aCharacterData.MadinoArmy7CharacterDataEntry - aCharacterDataOffsets
Commander10,aCharacterData.Commander10CharacterDataEntry - aCharacterDataOffsets
MadinoArmy8,aCharacterData.MadinoArmy8CharacterDataEntry - aCharacterDataOffsets
Commander11,aCharacterData.Commander11CharacterDataEntry - aCharacterDataOffsets
MadinoArmy9,aCharacterData.MadinoArmy9CharacterDataEntry - aCharacterDataOffsets
Commander12,aCharacterData.Commander12CharacterDataEntry - aCharacterDataOffsets
MadinoArmy10,aCharacterData.MadinoArmy10CharacterDataEntry - aCharacterDataOffsets
Commander13,aCharacterData.Commander13CharacterDataEntry - aCharacterDataOffsets
MadinoArmy11,aCharacterData.MadinoArmy11CharacterDataEntry - aCharacterDataOffsets
Pirate1,aCharacterData.Pirate1CharacterDataEntry - aCharacterDataOffsets
Commander14,aCharacterData.Commander14CharacterDataEntry - aCharacterDataOffsets
SylvaleArmy1,aCharacterData.SylvaleArmy1CharacterDataEntry - aCharacterDataOffsets
EldiganCh03,aCharacterData.EldiganCh03CharacterDataEntry - aCharacterDataOffsets
CrossKnight2,aCharacterData.CrossKnight2CharacterDataEntry - aCharacterDataOffsets
ChagallCh03,aCharacterData.ChagallCh03CharacterDataEntry - aCharacterDataOffsets
SylvaleArmy2,aCharacterData.SylvaleArmy2CharacterDataEntry - aCharacterDataOffsets
SylvaleArmy3,aCharacterData.SylvaleArmy3CharacterDataEntry - aCharacterDataOffsets
Papilio,aCharacterData.PapilioCharacterDataEntry - aCharacterDataOffsets
ThraciaArmy1,aCharacterData.ThraciaArmy1CharacterDataEntry - aCharacterDataOffsets
Pirate2,aCharacterData.Pirate2CharacterDataEntry - aCharacterDataOffsets
Pirate3,aCharacterData.Pirate3CharacterDataEntry - aCharacterDataOffsets
Pirate4,aCharacterData.Pirate4CharacterDataEntry - aCharacterDataOffsets
Pirate5,aCharacterData.Pirate5CharacterDataEntry - aCharacterDataOffsets
Duvall,aCharacterData.DuvallCharacterDataEntry - aCharacterDataOffsets
Pirate6,aCharacterData.Pirate6CharacterDataEntry - aCharacterDataOffsets
Pizare,aCharacterData.PizareCharacterDataEntry - aCharacterDataOffsets
Pirate7,aCharacterData.Pirate7CharacterDataEntry - aCharacterDataOffsets
Pirate8,aCharacterData.Pirate8CharacterDataEntry - aCharacterDataOffsets
Pirate9,aCharacterData.Pirate9CharacterDataEntry - aCharacterDataOffsets
Pirate10,aCharacterData.Pirate10CharacterDataEntry - aCharacterDataOffsets
ArvisUnused,aCharacterData.ArvisUnusedCharacterDataEntry - aCharacterDataOffsets
LombardCh03,aCharacterData.LombardCh03CharacterDataEntry - aCharacterDataOffsets
Grauenritter1,aCharacterData.Grauenritter1CharacterDataEntry - aCharacterDataOffsets
ReptorCh03,aCharacterData.ReptorCh03CharacterDataEntry - aCharacterDataOffsets
Gelbenritter1,aCharacterData.Gelbenritter1CharacterDataEntry - aCharacterDataOffsets
AnnandUnused,aCharacterData.AnnandUnusedCharacterDataEntry - aCharacterDataOffsets
SilesseArmy1,aCharacterData.SilesseArmy1CharacterDataEntry - aCharacterDataOffsets
Myos,aCharacterData.MyosCharacterDataEntry - aCharacterDataOffsets
TofaArmy1,aCharacterData.TofaArmy1CharacterDataEntry - aCharacterDataOffsets
TofaArmy2,aCharacterData.TofaArmy2CharacterDataEntry - aCharacterDataOffsets
Commander15,aCharacterData.Commander15CharacterDataEntry - aCharacterDataOffsets
TofaMyrmidon,aCharacterData.TofaMyrmidonCharacterDataEntry - aCharacterDataOffsets
Cuvuli,aCharacterData.CuvuliCharacterDataEntry - aCharacterDataOffsets
CuvuliSquadWindMage,aCharacterData.CuvuliSquadWindMageCharacterDataEntry - aCharacterDataOffsets
TofaCommanderWarMage,aCharacterData.TofaCommanderWarMageCharacterDataEntry - aCharacterDataOffsets
TofaWindMageRight,aCharacterData.TofaWindMageRightCharacterDataEntry - aCharacterDataOffsets
TofaWindMageMountain,aCharacterData.TofaWindMageMountainCharacterDataEntry - aCharacterDataOffsets
Dithorba,aCharacterData.DithorbaCharacterDataEntry - aCharacterDataOffsets
DithorbaSquadPegasusKnight,aCharacterData.DithorbaSquadPegasusKnightCharacterDataEntry - aCharacterDataOffsets
PirateCh04,aCharacterData.PirateCh04CharacterDataEntry - aCharacterDataOffsets
SilesseBlockadeWindMage,aCharacterData.SilesseBlockadeWindMageCharacterDataEntry - aCharacterDataOffsets
Daccar,aCharacterData.DaccarCharacterDataEntry - aCharacterDataOffsets
Annand,aCharacterData.AnnandCharacterDataEntry - aCharacterDataOffsets
AnnandSquadPegasusKnight,aCharacterData.AnnandSquadPegasusKnightCharacterDataEntry - aCharacterDataOffsets
Pamela,aCharacterData.PamelaCharacterDataEntry - aCharacterDataOffsets
PamelaSquadPegasusKnight,aCharacterData.PamelaSquadPegasusKnightCharacterDataEntry - aCharacterDataOffsets
AndreyCh04,aCharacterData.AndreyCh04CharacterDataEntry - aCharacterDataOffsets
BeigenritterCh04BowKnight,aCharacterData.BeigenritterCh04BowKnightCharacterDataEntry - aCharacterDataOffsets
SilesseCivilianMale,aCharacterData.SilesseCivilianMaleCharacterDataEntry - aCharacterDataOffsets
SilesseCivilianFemale,aCharacterData.SilesseCivilianFemaleCharacterDataEntry - aCharacterDataOffsets
Donovan,aCharacterData.DonovanCharacterDataEntry - aCharacterDataOffsets
SilesseFighter,aCharacterData.SilesseFighterCharacterDataEntry - aCharacterDataOffsets
SilesseGuardWindMage,aCharacterData.SilesseGuardWindMageCharacterDataEntry - aCharacterDataOffsets
SilesseWarrior,aCharacterData.SilesseWarriorCharacterDataEntry - aCharacterDataOffsets
SilesseWindMageRiver,aCharacterData.SilesseWindMageRiverCharacterDataEntry - aCharacterDataOffsets
ZaxonGuardGeneral,aCharacterData.ZaxonGuardGeneralCharacterDataEntry - aCharacterDataOffsets
Lamia,aCharacterData.LamiaCharacterDataEntry - aCharacterDataOffsets
LamiaSquadMyrmidonSleepSword,aCharacterData.LamiaSquadMyrmidonSleepSwordCharacterDataEntry - aCharacterDataOffsets
LamiaSquadMyrmidonBraveSword,aCharacterData.LamiaSquadMyrmidonBraveSwordCharacterDataEntry - aCharacterDataOffsets
LamiaSquadArcher,aCharacterData.LamiaSquadArcherCharacterDataEntry - aCharacterDataOffsets
LamiaSquadPriest,aCharacterData.LamiaSquadPriestCharacterDataEntry - aCharacterDataOffsets
LamiaSquadThunderMage,aCharacterData.LamiaSquadThunderMageCharacterDataEntry - aCharacterDataOffsets
LombardCh05,aCharacterData.LombardCh05CharacterDataEntry - aCharacterDataOffsets
ChildOifey,aCharacterData.ChildOifeyCharacterDataEntry - aCharacterDataOffsets
LubeckGuardGeneral,aCharacterData.LubeckGuardGeneralCharacterDataEntry - aCharacterDataOffsets
Slayder,aCharacterData.SlayderCharacterDataEntry - aCharacterDataOffsets
SlayderSquadAxeKnight,aCharacterData.SlayderSquadAxeKnightCharacterDataEntry - aCharacterDataOffsets
LubeckCommanderGeneralRight,aCharacterData.LubeckCommanderGeneralRightCharacterDataEntry - aCharacterDataOffsets
LubeckThunderMageRight,aCharacterData.LubeckThunderMageRightCharacterDataEntry - aCharacterDataOffsets
LubeckAxeArmorRight,aCharacterData.LubeckAxeArmorRightCharacterDataEntry - aCharacterDataOffsets
BrigandCh05,aCharacterData.BrigandCh05CharacterDataEntry - aCharacterDataOffsets
LubeckCommanderGeneralLeft,aCharacterData.LubeckCommanderGeneralLeftCharacterDataEntry - aCharacterDataOffsets
LubeckThunderMageLeft,aCharacterData.LubeckThunderMageLeftCharacterDataEntry - aCharacterDataOffsets
LubeckAxeArmorLeft,aCharacterData.LubeckAxeArmorLeftCharacterDataEntry - aCharacterDataOffsets
LubeckIronBallistician,aCharacterData.LubeckIronBallisticianCharacterDataEntry - aCharacterDataOffsets
Byron,aCharacterData.ByronCharacterDataEntry - aCharacterDataOffsets
AndreyCh05,aCharacterData.AndreyCh05CharacterDataEntry - aCharacterDataOffsets
BeigenritterCh05BowKnight,aCharacterData.BeigenritterCh05BowKnightCharacterDataEntry - aCharacterDataOffsets
Vaja,aCharacterData.VajaCharacterDataEntry - aCharacterDataOffsets
PhinoraGuardFireMage,aCharacterData.PhinoraGuardFireMageCharacterDataEntry - aCharacterDataOffsets
PhinoraGuardPriest,aCharacterData.PhinoraGuardPriestCharacterDataEntry - aCharacterDataOffsets
VelthomerCh05FireMageDesert,aCharacterData.VelthomerCh05FireMageDesertCharacterDataEntry - aCharacterDataOffsets
TravantCh05,aCharacterData.TravantCh05CharacterDataEntry - aCharacterDataOffsets
Magorn,aCharacterData.MagornCharacterDataEntry - aCharacterDataOffsets
ThraciaCh05Dragonknight,aCharacterData.ThraciaCh05DragonknightCharacterDataEntry - aCharacterDataOffsets
LeonsterCh05LanceKnight,aCharacterData.LeonsterCh05LanceKnightCharacterDataEntry - aCharacterDataOffsets
Aida,aCharacterData.AidaCharacterDataEntry - aCharacterDataOffsets
VelthomerCh05FireMageCliff,aCharacterData.VelthomerCh05FireMageCliffCharacterDataEntry - aCharacterDataOffsets
ReptorCh05,aCharacterData.ReptorCh05CharacterDataEntry - aCharacterDataOffsets
FriegeCh05General,aCharacterData.FriegeCh05GeneralCharacterDataEntry - aCharacterDataOffsets
FriegeCh05HighPriest,aCharacterData.FriegeCh05HighPriestCharacterDataEntry - aCharacterDataOffsets
FriegeCh05BowArmor,aCharacterData.FriegeCh05BowArmorCharacterDataEntry - aCharacterDataOffsets
FriegeCh05Hero,aCharacterData.FriegeCh05HeroCharacterDataEntry - aCharacterDataOffsets
FriegeCh05ThunderMageMale,aCharacterData.FriegeCh05ThunderMageMaleCharacterDataEntry - aCharacterDataOffsets
FriegeCh05ThunderMageFemale,aCharacterData.FriegeCh05ThunderMageFemaleCharacterDataEntry - aCharacterDataOffsets
FriegeCh05LanceArmor,aCharacterData.FriegeCh05LanceArmorCharacterDataEntry - aCharacterDataOffsets
FriegeCh05Sniper,aCharacterData.FriegeCh05SniperCharacterDataEntry - aCharacterDataOffsets
RotenritterCh05CommanderFireMage,aCharacterData.RotenritterCh05CommanderFireMageCharacterDataEntry - aCharacterDataOffsets
RotenritterCh05FireMage,aCharacterData.RotenritterCh05FireMageCharacterDataEntry - aCharacterDataOffsets
RotenritterCh05CommanderGeneral,aCharacterData.RotenritterCh05CommanderGeneralCharacterDataEntry - aCharacterDataOffsets
RotenritterCh05General,aCharacterData.RotenritterCh05GeneralCharacterDataEntry - aCharacterDataOffsets
RotenritterCh05CommanderMageKnight,aCharacterData.RotenritterCh05CommanderMageKnightCharacterDataEntry - aCharacterDataOffsets
RotenritterCh05MageKnight,aCharacterData.RotenritterCh05MageKnightCharacterDataEntry - aCharacterDataOffsets
ArvisChPrologue,aCharacterData.ArvisChPrologueCharacterDataEntry - aCharacterDataOffsets
RotenritterUnusedCommanderFireMage,aCharacterData.RotenritterUnusedCommanderFireMageCharacterDataEntry - aCharacterDataOffsets
RotenritterUnusedFireMage,aCharacterData.RotenritterUnusedFireMageCharacterDataEntry - aCharacterDataOffsets
Harold,aCharacterData.HaroldCharacterDataEntry - aCharacterDataOffsets
GaneishireGuardAxeArmor,aCharacterData.GaneishireGuardAxeArmorCharacterDataEntry - aCharacterDataOffsets
GaneishireFighter,aCharacterData.GaneishireFighterCharacterDataEntry - aCharacterDataOffsets
BrigandCh06,aCharacterData.BrigandCh06CharacterDataEntry - aCharacterDataOffsets
SofalaGuardFighter,aCharacterData.SofalaGuardFighterCharacterDataEntry - aCharacterDataOffsets
IsaachGuardAxeKnight,aCharacterData.IsaachGuardAxeKnightCharacterDataEntry - aCharacterDataOffsets
IsaachAxeKnight,aCharacterData.IsaachAxeKnightCharacterDataEntry - aCharacterDataOffsets
SofalaFighter,aCharacterData.SofalaFighterCharacterDataEntry - aCharacterDataOffsets
Schmidt,aCharacterData.SchmidtCharacterDataEntry - aCharacterDataOffsets
SchmidtSquad,aCharacterData.SchmidtSquadCharacterDataEntry - aCharacterDataOffsets
Danann,aCharacterData.DanannCharacterDataEntry - aCharacterDataOffsets
GaneishireAxeArmor,aCharacterData.GaneishireAxeArmorCharacterDataEntry - aCharacterDataOffsets
GaneishireBowArmor,aCharacterData.GaneishireBowArmorCharacterDataEntry - aCharacterDataOffsets
Kutuzov,aCharacterData.KutuzovCharacterDataEntry - aCharacterDataOffsets
AedDarkMageLv7,aCharacterData.AedDarkMageLv7CharacterDataEntry - aCharacterDataOffsets
AedDarkMageLv4,aCharacterData.AedDarkMageLv4CharacterDataEntry - aCharacterDataOffsets
AedMyrmidon,aCharacterData.AedMyrmidonCharacterDataEntry - aCharacterDataOffsets
AedDarkMageLv1,aCharacterData.AedDarkMageLv1CharacterDataEntry - aCharacterDataOffsets
UlsterCommanderGeneralLeonsterCharge,aCharacterData.UlsterCommanderGeneralLeonsterChargeCharacterDataEntry - aCharacterDataOffsets
UlsterSwordArmorLeonsterCharge,aCharacterData.UlsterSwordArmorLeonsterChargeCharacterDataEntry - aCharacterDataOffsets
UlsterThunderMageLeonsterCharge,aCharacterData.UlsterThunderMageLeonsterChargeCharacterDataEntry - aCharacterDataOffsets
BrigandCh07,aCharacterData.BrigandCh07CharacterDataEntry - aCharacterDataOffsets
BloomCh07,aCharacterData.BloomCh07CharacterDataEntry - aCharacterDataOffsets
UlsterGuardGeneral,aCharacterData.UlsterGuardGeneralCharacterDataEntry - aCharacterDataOffsets
DahnaBlockadeMyrmidon,aCharacterData.DahnaBlockadeMyrmidonCharacterDataEntry - aCharacterDataOffsets
Ishtore,aCharacterData.IshtoreCharacterDataEntry - aCharacterDataOffsets
MelgenGuardThunderMage,aCharacterData.MelgenGuardThunderMageCharacterDataEntry - aCharacterDataOffsets
Liza,aCharacterData.LizaCharacterDataEntry - aCharacterDataOffsets
MelgenThunderMageElthunder,aCharacterData.MelgenThunderMageElthunderCharacterDataEntry - aCharacterDataOffsets
MelgenLanceArmor,aCharacterData.MelgenLanceArmorCharacterDataEntry - aCharacterDataOffsets
MelgenThunderMageThunder,aCharacterData.MelgenThunderMageThunderCharacterDataEntry - aCharacterDataOffsets
MelgenPriest,aCharacterData.MelgenPriestCharacterDataEntry - aCharacterDataOffsets
MelgenBallistician,aCharacterData.MelgenBallisticianCharacterDataEntry - aCharacterDataOffsets
MelgenBowArmor,aCharacterData.MelgenBowArmorCharacterDataEntry - aCharacterDataOffsets
Javarro,aCharacterData.JavarroCharacterDataEntry - aCharacterDataOffsets
JavarroSquadFreeKnight,aCharacterData.JavarroSquadFreeKnightCharacterDataEntry - aCharacterDataOffsets
JavarroSquadBowKnight,aCharacterData.JavarroSquadBowKnightCharacterDataEntry - aCharacterDataOffsets
Bramsel,aCharacterData.BramselCharacterDataEntry - aCharacterDataOffsets
DahnaGuardMyrmidon,aCharacterData.DahnaGuardMyrmidonCharacterDataEntry - aCharacterDataOffsets
UlsterUnusedCommanderGeneral,aCharacterData.UlsterUnusedCommanderGeneralCharacterDataEntry - aCharacterDataOffsets
UlsterUnusedSwordArmor,aCharacterData.UlsterUnusedSwordArmorCharacterDataEntry - aCharacterDataOffsets
UlsterUnusedThunderMage1,aCharacterData.UlsterUnusedThunderMage1CharacterDataEntry - aCharacterDataOffsets
BanbaCh07,aCharacterData.BanbaCh07CharacterDataEntry - aCharacterDataOffsets
FotlaCh07,aCharacterData.FotlaCh07CharacterDataEntry - aCharacterDataOffsets
EriuCh07,aCharacterData.EriuCh07CharacterDataEntry - aCharacterDataOffsets
UlsterUnusedThunderMage2,aCharacterData.UlsterUnusedThunderMage2CharacterDataEntry - aCharacterDataOffsets
UlsterUnusedFireMage,aCharacterData.UlsterUnusedFireMageCharacterDataEntry - aCharacterDataOffsets
UlsterThunderMage,aCharacterData.UlsterThunderMageCharacterDataEntry - aCharacterDataOffsets
Muhammad,aCharacterData.MuhammadCharacterDataEntry - aCharacterDataOffsets
MuhammadSquadThunderMage,aCharacterData.MuhammadSquadThunderMageCharacterDataEntry - aCharacterDataOffsets
MuhammadSquadLanceArmor,aCharacterData.MuhammadSquadLanceArmorCharacterDataEntry - aCharacterDataOffsets
MuhammadSquadBowArmor,aCharacterData.MuhammadSquadBowArmorCharacterDataEntry - aCharacterDataOffsets
MuhammadSquadBishop,aCharacterData.MuhammadSquadBishopCharacterDataEntry - aCharacterDataOffsets
Ovo,aCharacterData.OvoCharacterDataEntry - aCharacterDataOffsets
OvoSquadLanceKnight,aCharacterData.OvoSquadLanceKnightCharacterDataEntry - aCharacterDataOffsets
OvoSquadTroubadour,aCharacterData.OvoSquadTroubadourCharacterDataEntry - aCharacterDataOffsets
BrigandCh08,aCharacterData.BrigandCh08CharacterDataEntry - aCharacterDataOffsets
ConnachtCommanderThunderMageBridge,aCharacterData.ConnachtCommanderThunderMageBridgeCharacterDataEntry - aCharacterDataOffsets
ConnachtThunderMageBridge,aCharacterData.ConnachtThunderMageBridgeCharacterDataEntry - aCharacterDataOffsets
IshtarCh08,aCharacterData.IshtarCh08CharacterDataEntry - aCharacterDataOffsets
ConnachtCommanderGeneralBridge,aCharacterData.ConnachtCommanderGeneralBridgeCharacterDataEntry - aCharacterDataOffsets
ConnachtLanceArmorBridge,aCharacterData.ConnachtLanceArmorBridgeCharacterDataEntry - aCharacterDataOffsets
BloomCh08,aCharacterData.BloomCh08CharacterDataEntry - aCharacterDataOffsets
ConnachtGuardGeneral,aCharacterData.ConnachtGuardGeneralCharacterDataEntry - aCharacterDataOffsets
MeathCivilianMale,aCharacterData.MeathCivilianMaleCharacterDataEntry - aCharacterDataOffsets
MeathCivilianFemale,aCharacterData.MeathCivilianFemaleCharacterDataEntry - aCharacterDataOffsets
MeathCommanderDragonknightLeonsterCharge,aCharacterData.MeathCommanderDragonknightLeonsterChargeCharacterDataEntry - aCharacterDataOffsets
MeathDragonriderLeonsterCharge,aCharacterData.MeathDragonriderLeonsterChargeCharacterDataEntry - aCharacterDataOffsets
Coulter,aCharacterData.CoulterCharacterDataEntry - aCharacterDataOffsets
CoulterSquad,aCharacterData.CoulterSquadCharacterDataEntry - aCharacterDataOffsets
MeathCommanderDragonknightDefend,aCharacterData.MeathCommanderDragonknightDefendCharacterDataEntry - aCharacterDataOffsets
MeathDragonriderDefend,aCharacterData.MeathDragonriderDefendCharacterDataEntry - aCharacterDataOffsets
MeathCommanderIronBallistician,aCharacterData.MeathCommanderIronBallisticianCharacterDataEntry - aCharacterDataOffsets
MeathBallistician,aCharacterData.MeathBallisticianCharacterDataEntry - aCharacterDataOffsets
Maykov,aCharacterData.MaykovCharacterDataEntry - aCharacterDataOffsets
BanbaCh08,aCharacterData.BanbaCh08CharacterDataEntry - aCharacterDataOffsets
FotlaCh08,aCharacterData.FotlaCh08CharacterDataEntry - aCharacterDataOffsets
EriuCh08,aCharacterData.EriuCh08CharacterDataEntry - aCharacterDataOffsets
KapathogiaHighPriest,aCharacterData.KapathogiaHighPriestCharacterDataEntry - aCharacterDataOffsets
KapathogiaLanceArmor,aCharacterData.KapathogiaLanceArmorCharacterDataEntry - aCharacterDataOffsets
KapathogiaBowArmor,aCharacterData.KapathogiaBowArmorCharacterDataEntry - aCharacterDataOffsets
KapathogiaSwordArmor,aCharacterData.KapathogiaSwordArmorCharacterDataEntry - aCharacterDataOffsets
AltenaSquadCh09Javelin,aCharacterData.AltenaSquadCh09JavelinCharacterDataEntry - aCharacterDataOffsets
AltenaSquadCh09SleepSword,aCharacterData.AltenaSquadCh09SleepSwordCharacterDataEntry - aCharacterDataOffsets
BrigandCh09,aCharacterData.BrigandCh09CharacterDataEntry - aCharacterDataOffsets
Kanatz,aCharacterData.KanatzCharacterDataEntry - aCharacterDataOffsets
Distler,aCharacterData.DistlerCharacterDataEntry - aCharacterDataOffsets
GrutiaUnusedLanceArmor,aCharacterData.GrutiaUnusedLanceArmorCharacterDataEntry - aCharacterDataOffsets
LutheciaHero,aCharacterData.LutheciaHeroCharacterDataEntry - aCharacterDataOffsets
LutheciaHeroF,aCharacterData.LutheciaHeroFCharacterDataEntry - aCharacterDataOffsets
TravantCh09,aCharacterData.TravantCh09CharacterDataEntry - aCharacterDataOffsets
TravantSquadCh09,aCharacterData.TravantSquadCh09CharacterDataEntry - aCharacterDataOffsets
Judah,aCharacterData.JudahCharacterDataEntry - aCharacterDataOffsets
GrutiaCommanderKillerBallistician,aCharacterData.GrutiaCommanderKillerBallisticianCharacterDataEntry - aCharacterDataOffsets
GrutiaIronBallistician,aCharacterData.GrutiaIronBallisticianCharacterDataEntry - aCharacterDataOffsets
ArionCh09,aCharacterData.ArionCh09CharacterDataEntry - aCharacterDataOffsets
ThraciaCh09DragonknightSlimLance,aCharacterData.ThraciaCh09DragonknightSlimLanceCharacterDataEntry - aCharacterDataOffsets
ThraciaCh09DragonknightSleepSword,aCharacterData.ThraciaCh09DragonknightSleepSwordCharacterDataEntry - aCharacterDataOffsets
ThraciaCh09CommanderDragonriderMeathCharge,aCharacterData.ThraciaCh09CommanderDragonriderMeathChargeCharacterDataEntry - aCharacterDataOffsets
ThraciaCh09DragonriderMeathCharge,aCharacterData.ThraciaCh09DragonriderMeathChargeCharacterDataEntry - aCharacterDataOffsets
ThraciaCh09CommanderDragonriderKapathogiaCharge,aCharacterData.ThraciaCh09CommanderDragonriderKapathogiaChargeCharacterDataEntry - aCharacterDataOffsets
ThraciaCh09DragonriderKapathogiaCharge,aCharacterData.ThraciaCh09DragonriderKapathogiaChargeCharacterDataEntry - aCharacterDataOffsets
ThraciaCh09CommanderDragonriderLutheciaCharge,aCharacterData.ThraciaCh09CommanderDragonriderLutheciaChargeCharacterDataEntry - aCharacterDataOffsets
ThraciaCh09DragonriderLutheciaCharge,aCharacterData.ThraciaCh09DragonriderLutheciaChargeCharacterDataEntry - aCharacterDataOffsets
Musar,aCharacterData.MusarCharacterDataEntry - aCharacterDataOffsets
MusarSquadGreatKnight,aCharacterData.MusarSquadGreatKnightCharacterDataEntry - aCharacterDataOffsets
MusarSquadDukeKnight,aCharacterData.MusarSquadDukeKnightCharacterDataEntry - aCharacterDataOffsets
MusarSquadRanger,aCharacterData.MusarSquadRangerCharacterDataEntry - aCharacterDataOffsets
MusarSquadPaladinF,aCharacterData.MusarSquadPaladinFCharacterDataEntry - aCharacterDataOffsets
Riddell,aCharacterData.RiddellCharacterDataEntry - aCharacterDataOffsets
RiddellSquadArchKnight,aCharacterData.RiddellSquadArchKnightCharacterDataEntry - aCharacterDataOffsets
RiddellSquadGreatKnight,aCharacterData.RiddellSquadGreatKnightCharacterDataEntry - aCharacterDataOffsets
RiddellSquadMageKnight,aCharacterData.RiddellSquadMageKnightCharacterDataEntry - aCharacterDataOffsets
RiddellSquadDukeKnight,aCharacterData.RiddellSquadDukeKnightCharacterDataEntry - aCharacterDataOffsets
RiddellSquadTroubadour,aCharacterData.RiddellSquadTroubadourCharacterDataEntry - aCharacterDataOffsets
Morrigan,aCharacterData.MorriganCharacterDataEntry - aCharacterDataOffsets
RadosDarkMage,aCharacterData.RadosDarkMageCharacterDataEntry - aCharacterDataOffsets
PirateCh10,aCharacterData.PirateCh10CharacterDataEntry - aCharacterDataOffsets
HildaCh10,aCharacterData.HildaCh10CharacterDataEntry - aCharacterDataOffsets
DarkBishopCh10,aCharacterData.DarkBishopCh10CharacterDataEntry - aCharacterDataOffsets
DarkMageCh10Jormungandr,aCharacterData.DarkMageCh10JormungandrCharacterDataEntry - aCharacterDataOffsets
DarkMageCh10Hel,aCharacterData.DarkMageCh10HelCharacterDataEntry - aCharacterDataOffsets
HeroCh10,aCharacterData.HeroCh10CharacterDataEntry - aCharacterDataOffsets
SniperCh10,aCharacterData.SniperCh10CharacterDataEntry - aCharacterDataOffsets
ChronosChildMale,aCharacterData.ChronosChildMaleCharacterDataEntry - aCharacterDataOffsets
ChronosChildFemale,aCharacterData.ChronosChildFemaleCharacterDataEntry - aCharacterDataOffsets
Zagam,aCharacterData.ZagamCharacterDataEntry - aCharacterDataOffsets
MiletosDarkMageJormungandr,aCharacterData.MiletosDarkMageJormungandrCharacterDataEntry - aCharacterDataOffsets
MiletosDarkMageHel,aCharacterData.MiletosDarkMageHelCharacterDataEntry - aCharacterDataOffsets
MiletosDarkMageSleep,aCharacterData.MiletosDarkMageSleepCharacterDataEntry - aCharacterDataOffsets
MiletosDarkMageFenrir,aCharacterData.MiletosDarkMageFenrirCharacterDataEntry - aCharacterDataOffsets
MiletosDarkMagePhysic,aCharacterData.MiletosDarkMagePhysicCharacterDataEntry - aCharacterDataOffsets
MiletosHero,aCharacterData.MiletosHeroCharacterDataEntry - aCharacterDataOffsets
MiletosSniper,aCharacterData.MiletosSniperCharacterDataEntry - aCharacterDataOffsets
MiletosWarrior,aCharacterData.MiletosWarriorCharacterDataEntry - aCharacterDataOffsets
JuliusCh10,aCharacterData.JuliusCh10CharacterDataEntry - aCharacterDataOffsets
IshtarCh10,aCharacterData.IshtarCh10CharacterDataEntry - aCharacterDataOffsets
ArvisCh10,aCharacterData.ArvisCh10CharacterDataEntry - aCharacterDataOffsets
RotenritterCh10GuardFireMage1,aCharacterData.RotenritterCh10GuardFireMage1CharacterDataEntry - aCharacterDataOffsets
RotenritterCh10HighPriest,aCharacterData.RotenritterCh10HighPriestCharacterDataEntry - aCharacterDataOffsets
RotenritterCh10GuardFireMage2,aCharacterData.RotenritterCh10GuardFireMage2CharacterDataEntry - aCharacterDataOffsets
DarkMageCh10Chalphy,aCharacterData.DarkMageCh10ChalphyCharacterDataEntry - aCharacterDataOffsets
Palmarch,aCharacterData.PalmarchCharacterDataEntry - aCharacterDataOffsets
ChalphyChildMale,aCharacterData.ChalphyChildMaleCharacterDataEntry - aCharacterDataOffsets
ChalphyChildFemale,aCharacterData.ChalphyChildFemaleCharacterDataEntry - aCharacterDataOffsets
RotenritterCh10CommanderBaron,aCharacterData.RotenritterCh10CommanderBaronCharacterDataEntry - aCharacterDataOffsets
RotenritterCh10LanceArmor,aCharacterData.RotenritterCh10LanceArmorCharacterDataEntry - aCharacterDataOffsets
RotenritterCh10BowArmor,aCharacterData.RotenritterCh10BowArmorCharacterDataEntry - aCharacterDataOffsets
RotenritterCh10CommanderBishop,aCharacterData.RotenritterCh10CommanderBishopCharacterDataEntry - aCharacterDataOffsets
RotenritterCh10Priest,aCharacterData.RotenritterCh10PriestCharacterDataEntry - aCharacterDataOffsets
RotenritterCh10ChargeFireMage,aCharacterData.RotenritterCh10ChargeFireMageCharacterDataEntry - aCharacterDataOffsets
RotenritterCh10CommanderMageKnight,aCharacterData.RotenritterCh10CommanderMageKnightCharacterDataEntry - aCharacterDataOffsets
RotenritterCh10ArchKnight,aCharacterData.RotenritterCh10ArchKnightCharacterDataEntry - aCharacterDataOffsets
RotenritterCh10GreatKnight,aCharacterData.RotenritterCh10GreatKnightCharacterDataEntry - aCharacterDataOffsets
RotenritterCh10DukeKnight,aCharacterData.RotenritterCh10DukeKnightCharacterDataEntry - aCharacterDataOffsets
DarkMageCh10SleepStaff,aCharacterData.DarkMageCh10SleepStaffCharacterDataEntry - aCharacterDataOffsets
DarkMageCh10Fenrir,aCharacterData.DarkMageCh10FenrirCharacterDataEntry - aCharacterDataOffsets
Roberto,aCharacterData.RobertoCharacterDataEntry - aCharacterDataOffsets
EddaArchKnight,aCharacterData.EddaArchKnightCharacterDataEntry - aCharacterDataOffsets
EddaRanger,aCharacterData.EddaRangerCharacterDataEntry - aCharacterDataOffsets
EddaMageKnight,aCharacterData.EddaMageKnightCharacterDataEntry - aCharacterDataOffsets
EddaDukeKnight,aCharacterData.EddaDukeKnightCharacterDataEntry - aCharacterDataOffsets
EddaTroubadour,aCharacterData.EddaTroubadourCharacterDataEntry - aCharacterDataOffsets
Boyce,aCharacterData.BoyceCharacterDataEntry - aCharacterDataOffsets
EddaHero,aCharacterData.EddaHeroCharacterDataEntry - aCharacterDataOffsets
EddaSniper,aCharacterData.EddaSniperCharacterDataEntry - aCharacterDataOffsets
Rodan,aCharacterData.RodanCharacterDataEntry - aCharacterDataOffsets
EddaBishopMeteor,aCharacterData.EddaBishopMeteorCharacterDataEntry - aCharacterDataOffsets
EddaBishopBolting,aCharacterData.EddaBishopBoltingCharacterDataEntry - aCharacterDataOffsets
EddaHighPriestSleepStaff,aCharacterData.EddaHighPriestSleepStaffCharacterDataEntry - aCharacterDataOffsets
EddaHighPriestFortify,aCharacterData.EddaHighPriestFortifyCharacterDataEntry - aCharacterDataOffsets
Juphiel,aCharacterData.JuphielCharacterDataEntry - aCharacterDataOffsets
DarkMageChFinalFenrir,aCharacterData.DarkMageChFinalFenrirCharacterDataEntry - aCharacterDataOffsets
DarkMageChFinalSilenceStaff,aCharacterData.DarkMageChFinalSilenceStaffCharacterDataEntry - aCharacterDataOffsets
Fisher,aCharacterData.FisherCharacterDataEntry - aCharacterDataOffsets
DozelAxeKnightSteelAxe,aCharacterData.DozelAxeKnightSteelAxeCharacterDataEntry - aCharacterDataOffsets
DozelAxeKnightHandAxe,aCharacterData.DozelAxeKnightHandAxeCharacterDataEntry - aCharacterDataOffsets
Brian,aCharacterData.BrianCharacterDataEntry - aCharacterDataOffsets
GrauenritterChFinalSilverAxe,aCharacterData.GrauenritterChFinalSilverAxeCharacterDataEntry - aCharacterDataOffsets
GrauenritterChFinalMendStaff,aCharacterData.GrauenritterChFinalMendStaffCharacterDataEntry - aCharacterDataOffsets
Dagon,aCharacterData.DagonCharacterDataEntry - aCharacterDataOffsets
Scipio,aCharacterData.ScipioCharacterDataEntry - aCharacterDataOffsets
BeigenritterChFinalBraveBow,aCharacterData.BeigenritterChFinalBraveBowCharacterDataEntry - aCharacterDataOffsets
BeigenritterChFinalMendStaff,aCharacterData.BeigenritterChFinalMendStaffCharacterDataEntry - aCharacterDataOffsets
HildaChFinal,aCharacterData.HildaChFinalCharacterDataEntry - aCharacterDataOffsets
GelbenritterChFinalThoron,aCharacterData.GelbenritterChFinalThoronCharacterDataEntry - aCharacterDataOffsets
GelbenritterChFinalFortify,aCharacterData.GelbenritterChFinalFortifyCharacterDataEntry - aCharacterDataOffsets
FriegeDarkBishop,aCharacterData.FriegeDarkBishopCharacterDataEntry - aCharacterDataOffsets
FriegeDarkMage,aCharacterData.FriegeDarkMageCharacterDataEntry - aCharacterDataOffsets
Manfroy,aCharacterData.ManfroyCharacterDataEntry - aCharacterDataOffsets
VelthomerDarkMage,aCharacterData.VelthomerDarkMageCharacterDataEntry - aCharacterDataOffsets
JuliusChFinal,aCharacterData.JuliusChFinalCharacterDataEntry - aCharacterDataOffsets
Mus,aCharacterData.MusCharacterDataEntry - aCharacterDataOffsets
Bovis,aCharacterData.BovisCharacterDataEntry - aCharacterDataOffsets
Tigris,aCharacterData.TigrisCharacterDataEntry - aCharacterDataOffsets
Lepus,aCharacterData.LepusCharacterDataEntry - aCharacterDataOffsets
Draco,aCharacterData.DracoCharacterDataEntry - aCharacterDataOffsets
Anguilla,aCharacterData.AnguillaCharacterDataEntry - aCharacterDataOffsets
Equus,aCharacterData.EquusCharacterDataEntry - aCharacterDataOffsets
Ovis,aCharacterData.OvisCharacterDataEntry - aCharacterDataOffsets
Simia,aCharacterData.SimiaCharacterDataEntry - aCharacterDataOffsets
Gallus,aCharacterData.GallusCharacterDataEntry - aCharacterDataOffsets
Canis,aCharacterData.CanisCharacterDataEntry - aCharacterDataOffsets
Porcus,aCharacterData.PorcusCharacterDataEntry - aCharacterDataOffsets
ArionChFinal,aCharacterData.ArionChFinalCharacterDataEntry - aCharacterDataOffsets
DragonknightChFinal,aCharacterData.DragonknightChFinalCharacterDataEntry - aCharacterDataOffsets
IshtarChFinal,aCharacterData.IshtarChFinalCharacterDataEntry - aCharacterDataOffsets
Meng,aCharacterData.MengCharacterDataEntry - aCharacterDataOffsets
Mabel,aCharacterData.MabelCharacterDataEntry - aCharacterDataOffsets
Bleg,aCharacterData.BlegCharacterDataEntry - aCharacterDataOffsets
BelhallaHero,aCharacterData.BelhallaHeroCharacterDataEntry - aCharacterDataOffsets
BelhallaSniper,aCharacterData.BelhallaSniperCharacterDataEntry - aCharacterDataOffsets
BelhallaSage,aCharacterData.BelhallaSageCharacterDataEntry - aCharacterDataOffsets
BelhallaHighPriest,aCharacterData.BelhallaHighPriestCharacterDataEntry - aCharacterDataOffsets
Baran,aCharacterData.BaranCharacterDataEntry - aCharacterDataOffsets
KutuzovFenrir,aCharacterData.KutuzovFenrirCharacterDataEntry - aCharacterDataOffsets
RogueCh08,aCharacterData.RogueCh08CharacterDataEntry - aCharacterDataOffsets
Gazack,aCharacterData.GazackCharacterDataEntry - aCharacterDataOffsets
Crotor,aCharacterData.CrotorCharacterDataEntry - aCharacterDataOffsets
Wiseman,aCharacterData.WisemanCharacterDataEntry - aCharacterDataOffsets
Shark,aCharacterData.SharkCharacterDataEntry - aCharacterDataOffsets
Hood,aCharacterData.HoodCharacterDataEntry - aCharacterDataOffsets
Bacchus,aCharacterData.BacchusCharacterDataEntry - aCharacterDataOffsets
Emir,aCharacterData.EmirCharacterDataEntry - aCharacterDataOffsets
DiceCh01,aCharacterData.DiceCh01CharacterDataEntry - aCharacterDataOffsets
Zero,aCharacterData.ZeroCharacterDataEntry - aCharacterDataOffsets
Mahatma,aCharacterData.MahatmaCharacterDataEntry - aCharacterDataOffsets
Rowan,aCharacterData.RowanCharacterDataEntry - aCharacterDataOffsets
Barcnin,aCharacterData.BarcninCharacterDataEntry - aCharacterDataOffsets
Millet,aCharacterData.MilletCharacterDataEntry - aCharacterDataOffsets
Heltsok,aCharacterData.HeltsokCharacterDataEntry - aCharacterDataOffsets
Chacof,aCharacterData.ChacofCharacterDataEntry - aCharacterDataOffsets
KeimosCh02,aCharacterData.KeimosCh02CharacterDataEntry - aCharacterDataOffsets
MarilynCh02,aCharacterData.MarilynCh02CharacterDataEntry - aCharacterDataOffsets
Tyler,aCharacterData.TylerCharacterDataEntry - aCharacterDataOffsets
LippCh03,aCharacterData.LippCh03CharacterDataEntry - aCharacterDataOffsets
Pelleo,aCharacterData.PelleoCharacterDataEntry - aCharacterDataOffsets
Treville,aCharacterData.TrevilleCharacterDataEntry - aCharacterDataOffsets
Geller,aCharacterData.GellerCharacterDataEntry - aCharacterDataOffsets
Pazan,aCharacterData.PazanCharacterDataEntry - aCharacterDataOffsets
Doma,aCharacterData.DomaCharacterDataEntry - aCharacterDataOffsets
Keller,aCharacterData.KellerCharacterDataEntry - aCharacterDataOffsets
Thornton,aCharacterData.ThorntonCh03CharacterDataEntry - aCharacterDataOffsets
MarioCh03,aCharacterData.MarioCh03CharacterDataEntry - aCharacterDataOffsets
Kemal,aCharacterData.KemalCharacterDataEntry - aCharacterDataOffsets
Kaledin,aCharacterData.KaledinCharacterDataEntry - aCharacterDataOffsets
Keith,aCharacterData.KeithCharacterDataEntry - aCharacterDataOffsets
Senghor,aCharacterData.SenghorCharacterDataEntry - aCharacterDataOffsets
Nikita,aCharacterData.NikitaCharacterDataEntry - aCharacterDataOffsets
Nene,aCharacterData.NeneCharacterDataEntry - aCharacterDataOffsets
Kraff,aCharacterData.KraffCharacterDataEntry - aCharacterDataOffsets
Niklas,aCharacterData.NiklasCharacterDataEntry - aCharacterDataOffsets
AtlasCh04,aCharacterData.AtlasCh04CharacterDataEntry - aCharacterDataOffsets
Shackal,aCharacterData.ShackalCharacterDataEntry - aCharacterDataOffsets
LippCh05,aCharacterData.LippCh05CharacterDataEntry - aCharacterDataOffsets
Greias,aCharacterData.GreiasCharacterDataEntry - aCharacterDataOffsets
Geese,aCharacterData.GeeseCharacterDataEntry - aCharacterDataOffsets
Lee,aCharacterData.LeeCharacterDataEntry - aCharacterDataOffsets
Shisal,aCharacterData.ShisalCharacterDataEntry - aCharacterDataOffsets
Hawks,aCharacterData.HawksCharacterDataEntry - aCharacterDataOffsets
Nazarl,aCharacterData.NazarlCharacterDataEntry - aCharacterDataOffsets
Sif,aCharacterData.SifCharacterDataEntry - aCharacterDataOffsets
Tolstoy,aCharacterData.TolstoyCharacterDataEntry - aCharacterDataOffsets
Bottsman,aCharacterData.BottsmanCharacterDataEntry - aCharacterDataOffsets
Kruger,aCharacterData.KrugerCharacterDataEntry - aCharacterDataOffsets
Mannstein,aCharacterData.MannsteinCharacterDataEntry - aCharacterDataOffsets
Castor,aCharacterData.CastorCharacterDataEntry - aCharacterDataOffsets
Hoepner,aCharacterData.HoepnerCharacterDataEntry - aCharacterDataOffsets
Randoch,aCharacterData.RandochCharacterDataEntry - aCharacterDataOffsets
Wolfen,aCharacterData.WolfenCharacterDataEntry - aCharacterDataOffsets
Dewey,aCharacterData.DeweyCharacterDataEntry - aCharacterDataOffsets
Fete,aCharacterData.FeteCharacterDataEntry - aCharacterDataOffsets
Marshach,aCharacterData.MarshachCharacterDataEntry - aCharacterDataOffsets
Luis,aCharacterData.LuisCharacterDataEntry - aCharacterDataOffsets
Hester,aCharacterData.HesterCharacterDataEntry - aCharacterDataOffsets
Malder,aCharacterData.MalderCharacterDataEntry - aCharacterDataOffsets
Gismot,aCharacterData.GismotCharacterDataEntry - aCharacterDataOffsets
XenonCh08,aCharacterData.XenonCh08CharacterDataEntry - aCharacterDataOffsets
JacksonCh08,aCharacterData.JacksonCh08CharacterDataEntry - aCharacterDataOffsets
IndraCh09,aCharacterData.IndraCh09CharacterDataEntry - aCharacterDataOffsets
Nietzche,aCharacterData.NietzcheCharacterDataEntry - aCharacterDataOffsets
Apostole,aCharacterData.ApostoleCharacterDataEntry - aCharacterDataOffsets
Miller,aCharacterData.MillerCharacterDataEntry - aCharacterDataOffsets
Cilon,aCharacterData.CilonCharacterDataEntry - aCharacterDataOffsets
Klain,aCharacterData.KlainCharacterDataEntry - aCharacterDataOffsets
Sleighton,aCharacterData.SleightonCharacterDataEntry - aCharacterDataOffsets
Triesta,aCharacterData.TriestaCharacterDataEntry - aCharacterDataOffsets
CanaanCh09,aCharacterData.CanaanCh09CharacterDataEntry - aCharacterDataOffsets
Hasmann,aCharacterData.HasmannCharacterDataEntry - aCharacterDataOffsets
Grants,aCharacterData.GrantsCharacterDataEntry - aCharacterDataOffsets
Closroi,aCharacterData.ClosroiCharacterDataEntry - aCharacterDataOffsets
Roland,aCharacterData.RolandCharacterDataEntry - aCharacterDataOffsets
Massigli,aCharacterData.MassigliCharacterDataEntry - aCharacterDataOffsets
Riva,aCharacterData.RivaCharacterDataEntry - aCharacterDataOffsets
Gloria,aCharacterData.GloriaCharacterDataEntry - aCharacterDataOffsets
Nothe,aCharacterData.NotheCharacterDataEntry - aCharacterDataOffsets
IndraCh10,aCharacterData.IndraCh10CharacterDataEntry - aCharacterDataOffsets
DiceChFinal,aCharacterData.DiceChFinalCharacterDataEntry - aCharacterDataOffsets
KeimosChFinal,aCharacterData.KeimosChFinalCharacterDataEntry - aCharacterDataOffsets
MarilynChFinal,aCharacterData.MarilynChFinalCharacterDataEntry - aCharacterDataOffsets
XenonChFinal,aCharacterData.XenonChFinalCharacterDataEntry - aCharacterDataOffsets
JacksonChFinal,aCharacterData.JacksonChFinalCharacterDataEntry - aCharacterDataOffsets
ThorntonChFinal,aCharacterData.ThorntonChFinalCharacterDataEntry - aCharacterDataOffsets
MarioChFinal,aCharacterData.MarioChFinalCharacterDataEntry - aCharacterDataOffsets
CanaanChFinal,aCharacterData.CanaanChFinalCharacterDataEntry - aCharacterDataOffsets
AtlasChFinal,aCharacterData.AtlasChFinalCharacterDataEntry - aCharacterDataOffsets
Zeus,aCharacterData.ZeusCharacterDataEntry - aCharacterDataOffsets
